,claims,joined
n_rows,220.0,220.0
n_unique_claim_id,220.0,220.0
n_unique_member_id,50.0,50.0
n_unique_provider_id,20.0,20.0
total_paid,34240.770000000004,34240.770000000004
avg_paid,155.63986363636366,155.63986363636366
total_billed,64295.8,64295.8
denial_rate,0.16363636363636364,0.16363636363636364
